CREATE DATABASE  IF NOT EXISTS `myboard` /*!40100 DEFAULT CHARACTER SET utf8mb4 COLLATE utf8mb4_0900_ai_ci */ /*!80016 DEFAULT ENCRYPTION='N' */;
USE `myboard`;
-- MySQL dump 10.13  Distrib 8.0.29, for Win64 (x86_64)
--
-- Host: 13.124.120.4    Database: myboard
-- ------------------------------------------------------
-- Server version	8.0.29

/*!40101 SET @OLD_CHARACTER_SET_CLIENT=@@CHARACTER_SET_CLIENT */;
/*!40101 SET @OLD_CHARACTER_SET_RESULTS=@@CHARACTER_SET_RESULTS */;
/*!40101 SET @OLD_COLLATION_CONNECTION=@@COLLATION_CONNECTION */;
/*!50503 SET NAMES utf8 */;
/*!40103 SET @OLD_TIME_ZONE=@@TIME_ZONE */;
/*!40103 SET TIME_ZONE='+00:00' */;
/*!40014 SET @OLD_UNIQUE_CHECKS=@@UNIQUE_CHECKS, UNIQUE_CHECKS=0 */;
/*!40014 SET @OLD_FOREIGN_KEY_CHECKS=@@FOREIGN_KEY_CHECKS, FOREIGN_KEY_CHECKS=0 */;
/*!40101 SET @OLD_SQL_MODE=@@SQL_MODE, SQL_MODE='NO_AUTO_VALUE_ON_ZERO' */;
/*!40111 SET @OLD_SQL_NOTES=@@SQL_NOTES, SQL_NOTES=0 */;

--
-- Table structure for table `board`
--

DROP TABLE IF EXISTS `board`;
/*!40101 SET @saved_cs_client     = @@character_set_client */;
/*!50503 SET character_set_client = utf8mb4 */;
CREATE TABLE `board` (
  `id` int NOT NULL AUTO_INCREMENT,
  `board_name` varchar(45) NOT NULL,
  `board_owner_id` varchar(45) NOT NULL,
  `parent_board_id` int DEFAULT NULL,
  `board_icon` mediumtext,
  `created_day` datetime DEFAULT CURRENT_TIMESTAMP,
  `modify_day` datetime DEFAULT CURRENT_TIMESTAMP,
  `delete_day` datetime DEFAULT NULL,
  `sort_order` int NOT NULL DEFAULT '0' COMMENT '게시판 네비게이션 정렬 순서, 부모 게시판이 같은 게시판 사이에만 적용된다.',
  PRIMARY KEY (`id`,`board_name`,`board_owner_id`),
  KEY `board_selffk` (`parent_board_id`),
  KEY `board_userfk` (`board_owner_id`),
  CONSTRAINT `board_selffk` FOREIGN KEY (`parent_board_id`) REFERENCES `board` (`id`) ON DELETE CASCADE ON UPDATE RESTRICT,
  CONSTRAINT `board_userfk` FOREIGN KEY (`board_owner_id`) REFERENCES `user` (`id`)
) ENGINE=InnoDB AUTO_INCREMENT=136 DEFAULT CHARSET=utf8mb4 COLLATE=utf8mb4_0900_ai_ci COMMENT='게시판';
/*!40101 SET character_set_client = @saved_cs_client */;

--
-- Dumping data for table `board`
--

LOCK TABLES `board` WRITE;
/*!40000 ALTER TABLE `board` DISABLE KEYS */;
INSERT INTO `board` VALUES (125,'베스트','admin',NULL,NULL,'2022-08-02 14:57:55','2022-08-02 14:57:55',NULL,0),(126,'자유게시판','admin',NULL,NULL,'2022-08-02 14:57:55','2022-08-02 14:57:55',NULL,0),(127,'커뮤니티','admin',NULL,NULL,'2022-08-02 14:57:55','2022-08-02 14:57:55',NULL,0),(128,'건의사항','admin',NULL,NULL,'2022-08-02 14:57:55','2022-08-02 14:57:55',NULL,0),(129,'기타','admin',NULL,NULL,'2022-08-02 14:57:55','2022-08-02 14:57:55',NULL,0),(133,'게임','admin',127,NULL,'2022-08-02 14:57:55','2022-08-02 14:57:55',NULL,0),(134,'프로그래밍','admin',127,NULL,'2022-08-02 14:57:55','2022-08-02 14:57:55',NULL,1),(135,'공지사항','admin',129,NULL,'2022-08-02 14:57:55','2022-08-02 14:57:55',NULL,0);
/*!40000 ALTER TABLE `board` ENABLE KEYS */;
UNLOCK TABLES;

--
-- Table structure for table `comment`
--

DROP TABLE IF EXISTS `comment`;
/*!40101 SET @saved_cs_client     = @@character_set_client */;
/*!50503 SET character_set_client = utf8mb4 */;
CREATE TABLE `comment` (
  `id` int NOT NULL AUTO_INCREMENT,
  `post_id` int NOT NULL,
  `parent_comment_id` int DEFAULT NULL,
  `writer_id` varchar(45) NOT NULL,
  `content` longtext,
  `good_count` int DEFAULT '0',
  `bad_count` int DEFAULT '0',
  `created_day` datetime DEFAULT CURRENT_TIMESTAMP,
  `modify_day` datetime DEFAULT CURRENT_TIMESTAMP,
  `delete_day` datetime DEFAULT NULL,
  `writer_nickname` varchar(100) NOT NULL,
  PRIMARY KEY (`id`,`post_id`),
  KEY `comment_postfk` (`post_id`),
  KEY `comment_selffk` (`parent_comment_id`),
  KEY `comment_userfk` (`writer_id`),
  CONSTRAINT `comment_postfk` FOREIGN KEY (`post_id`) REFERENCES `post` (`id`) ON DELETE CASCADE,
  CONSTRAINT `comment_selffk` FOREIGN KEY (`parent_comment_id`) REFERENCES `comment` (`id`),
  CONSTRAINT `comment_userfk` FOREIGN KEY (`writer_id`) REFERENCES `user` (`id`) ON DELETE RESTRICT ON UPDATE CASCADE
) ENGINE=InnoDB AUTO_INCREMENT=760 DEFAULT CHARSET=utf8mb4 COLLATE=utf8mb4_0900_ai_ci COMMENT='댓글';
/*!40101 SET character_set_client = @saved_cs_client */;

--
-- Dumping data for table `comment`
--

LOCK TABLES `comment` WRITE;
/*!40000 ALTER TABLE `comment` DISABLE KEYS */;
INSERT INTO `comment` VALUES (405,167,NULL,'admin','ㅎㅈㄷㄷㅈㅎ',0,0,'2022-11-29 12:59:07','2022-11-29 12:59:07',NULL,'관리자'),(406,167,NULL,'admin','ㅎ43ㅎ34ㅎ',0,0,'2022-11-29 12:59:16','2022-11-29 12:59:16',NULL,'관리자'),(407,167,NULL,'admin','츛퓿퓿퓿퓨',0,0,'2022-11-29 12:59:20','2022-11-29 12:59:20',NULL,'관리자'),(408,167,NULL,'admin','21ㅇㅋㅌㅊㅋㅌㅊ',0,0,'2022-11-29 12:59:27','2022-11-29 12:59:27',NULL,'관리자'),(409,167,408,'admin','ㄴㅇㅍㅇㅍㄴㅇ',0,0,'2022-11-29 13:01:02','2022-11-29 13:01:02',NULL,'관리자'),(410,167,408,'admin','ㄴㄴ',0,0,'2022-11-29 13:01:20','2022-11-29 13:01:20',NULL,'관리자'),(411,167,NULL,'admin','ㅠㅊ퓿퓨',0,0,'2022-11-29 13:01:28','2022-11-29 13:01:28',NULL,'관리자'),(412,167,NULL,'admin','ㅐㅔㅐㅔㅐㅔ',0,0,'2022-11-29 13:01:33','2022-11-29 13:01:33',NULL,'관리자'),(413,167,NULL,'admin','ㅅ23ㅅ23ㅅ23ㅅ',0,0,'2022-11-29 13:01:41','2022-11-29 13:01:41',NULL,'관리자'),(414,167,NULL,'admin','ㅇㅀㅇㅀㅇㅀ',0,0,'2022-11-29 13:01:44','2022-11-29 13:01:44',NULL,'관리자'),(415,167,NULL,'admin','ㅊ퓿퓨',0,0,'2022-11-29 13:01:47','2022-11-29 13:01:47',NULL,'관리자'),(416,167,NULL,'admin','ㄷㅈㅂㄷㅂㅈㄷ',0,0,'2022-11-29 13:01:50','2022-11-29 13:01:50',NULL,'관리자'),(417,167,NULL,'admin','1212',0,0,'2022-11-29 13:01:53','2022-11-29 13:01:53',NULL,'관리자'),(418,167,NULL,'admin','1313',0,0,'2022-11-29 13:01:58','2022-11-29 13:01:58',NULL,'관리자'),(419,167,NULL,'admin','14141',0,0,'2022-11-29 13:02:01','2022-11-29 13:02:01',NULL,'관리자'),(420,167,NULL,'admin','15151',0,0,'2022-11-29 13:02:03','2022-11-29 13:02:03',NULL,'관리자'),(421,167,NULL,'admin','1616',0,0,'2022-11-29 13:02:06','2022-11-29 13:02:06',NULL,'관리자'),(422,167,NULL,'admin','1717',0,0,'2022-11-29 13:02:09','2022-11-29 13:02:09',NULL,'관리자'),(423,167,NULL,'admin','1881',0,0,'2022-11-29 13:02:12','2022-11-29 13:02:12',NULL,'관리자'),(424,167,NULL,'admin','99999',0,0,'2022-11-29 13:02:16','2022-11-29 13:02:16',NULL,'관리자'),(425,167,NULL,'admin','00000',0,0,'2022-11-29 13:02:28','2022-11-29 13:02:28',NULL,'관리자'),(426,167,NULL,'admin','12321321ㄴㅇㅋㅍㅇㅍ',0,0,'2022-11-29 13:02:33','2022-11-29 13:02:33',NULL,'관리자'),(427,167,NULL,'admin','ㅍ츛픂츛퓿퓨',0,0,'2022-11-29 13:02:37','2022-11-29 13:02:37',NULL,'관리자'),(428,167,NULL,'admin','bbvcbcvb',0,0,'2022-11-29 13:04:41','2022-11-29 13:04:41',NULL,'관리자'),(429,167,NULL,'admin','vcbcvb',0,0,'2022-11-29 13:05:42','2022-11-29 13:05:42',NULL,'관리자'),(430,167,NULL,'admin','bmbnmbnm',0,0,'2022-11-29 13:06:29','2022-11-29 13:06:29',NULL,'관리자'),(431,167,NULL,'admin','jkljkl',0,0,'2022-11-29 13:07:07','2022-11-29 13:07:07',NULL,'관리자'),(432,167,NULL,'admin','nm,nm,',0,0,'2022-11-29 13:07:30','2022-11-29 13:07:30',NULL,'관리자'),(433,167,NULL,'admin','호ㅓ',0,0,'2022-11-29 13:14:40','2022-11-29 13:14:40',NULL,'관리자'),(434,167,NULL,'admin','asfasf',0,0,'2022-11-29 13:25:17','2022-11-29 13:25:17',NULL,'관리자'),(435,167,NULL,'admin','wetwet',0,0,'2022-11-29 13:26:21','2022-11-29 13:26:21',NULL,'관리자'),(436,167,NULL,'admin','qwrqwr',0,0,'2022-11-29 13:26:42','2022-11-29 13:26:42',NULL,'관리자'),(437,167,NULL,'admin','qwrqwrqwr',0,0,'2022-11-29 13:27:01','2022-11-29 13:27:01',NULL,'관리자'),(438,167,NULL,'admin','658i65i56i',0,0,'2022-11-29 13:28:16','2022-11-29 13:28:16',NULL,'관리자'),(439,167,NULL,'admin','56u56u',0,0,'2022-11-29 13:28:44','2022-11-29 13:28:44',NULL,'관리자'),(440,167,NULL,'admin','uioouio',0,0,'2022-11-29 13:28:53','2022-11-29 13:28:53',NULL,'관리자'),(441,167,NULL,'admin','zxvzxcvsxcvdwsg234t4',0,0,'2022-11-29 13:29:33','2022-11-29 13:29:33',NULL,'관리자'),(442,167,NULL,'admin','bnfgn54yu45',0,0,'2022-11-29 13:29:47','2022-11-29 13:29:47',NULL,'관리자'),(443,167,NULL,'admin','34t43trdgfd',0,0,'2022-11-29 13:29:51','2022-11-29 13:29:51',NULL,'관리자'),(444,167,NULL,'admin','cxzczxczxc',0,0,'2022-11-29 13:29:57','2022-11-29 13:29:57',NULL,'관리자'),(445,167,NULL,'admin','가가가가가',0,0,'2022-11-29 13:30:03','2022-11-29 13:30:03',NULL,'관리자'),(446,167,NULL,'admin','ㅈㅂㄼㅈㄹ',0,0,'2022-11-29 13:31:04','2022-11-29 13:31:04',NULL,'관리자'),(447,167,NULL,'admin','ㅛ34ㅛ34ㅛ',0,0,'2022-11-29 13:31:16','2022-11-29 13:31:16',NULL,'관리자'),(448,167,NULL,'admin','테스트 Root 댓글 입력 1',0,0,'2023-06-08 14:17:54','2023-06-08 14:17:54',NULL,'관리자'),(449,167,NULL,'admin','테스트 Root 댓글 입력 2',0,0,'2023-06-08 14:17:54','2023-06-08 14:17:54',NULL,'관리자'),(450,167,NULL,'admin','테스트 Root 댓글 입력 3',0,0,'2023-06-08 14:17:54','2023-06-08 14:17:54',NULL,'관리자'),(451,167,NULL,'admin','테스트 Root 댓글 입력 4',0,0,'2023-06-08 14:17:54','2023-06-08 14:17:54',NULL,'관리자'),(452,167,NULL,'admin','테스트 Root 댓글 입력 5',0,0,'2023-06-08 14:17:54','2023-06-08 14:17:54',NULL,'관리자'),(453,167,NULL,'admin','테스트 Root 댓글 입력 6',0,0,'2023-06-08 14:17:54','2023-06-08 14:17:54',NULL,'관리자'),(454,167,NULL,'admin','테스트 Root 댓글 입력 7',0,0,'2023-06-08 14:17:54','2023-06-08 14:17:54',NULL,'관리자'),(455,167,NULL,'admin','테스트 Root 댓글 입력 8',0,0,'2023-06-08 14:17:54','2023-06-08 14:17:54',NULL,'관리자'),(456,167,NULL,'admin','테스트 Root 댓글 입력 9',0,0,'2023-06-08 14:17:54','2023-06-08 14:17:54',NULL,'관리자'),(457,167,NULL,'admin','테스트 Root 댓글 입력 10',0,0,'2023-06-08 14:17:54','2023-06-08 14:17:54',NULL,'관리자'),(458,167,NULL,'admin','테스트 Root 댓글 입력 11',0,0,'2023-06-08 14:17:54','2023-06-08 14:17:54',NULL,'관리자'),(459,167,NULL,'admin','테스트 Root 댓글 입력 12',0,0,'2023-06-08 14:17:54','2023-06-08 14:17:54',NULL,'관리자'),(460,167,NULL,'admin','테스트 Root 댓글 입력 13',0,0,'2023-06-08 14:17:54','2023-06-08 14:17:54',NULL,'관리자'),(461,167,NULL,'admin','테스트 Root 댓글 입력 14',0,0,'2023-06-08 14:17:54','2023-06-08 14:17:54',NULL,'관리자'),(462,167,NULL,'admin','테스트 Root 댓글 입력 15',0,0,'2023-06-08 14:17:54','2023-06-08 14:17:54',NULL,'관리자'),(463,167,NULL,'admin','테스트 Root 댓글 입력 16',0,0,'2023-06-08 14:17:54','2023-06-08 14:17:54',NULL,'관리자'),(464,167,NULL,'admin','테스트 Root 댓글 입력 17',0,0,'2023-06-08 14:17:54','2023-06-08 14:17:54',NULL,'관리자'),(465,167,NULL,'admin','테스트 Root 댓글 입력 18',0,0,'2023-06-08 14:17:54','2023-06-08 14:17:54',NULL,'관리자'),(466,167,NULL,'admin','테스트 Root 댓글 입력 19',0,0,'2023-06-08 14:17:54','2023-06-08 14:17:54',NULL,'관리자'),(467,167,NULL,'admin','테스트 Root 댓글 입력 20',0,0,'2023-06-08 14:17:54','2023-06-08 14:17:54',NULL,'관리자'),(468,167,NULL,'admin','테스트 Root 댓글 입력 21',0,0,'2023-06-08 14:17:54','2023-06-08 14:17:54',NULL,'관리자'),(469,167,NULL,'admin','테스트 Root 댓글 입력 22',0,0,'2023-06-08 14:17:54','2023-06-08 14:17:54',NULL,'관리자'),(470,167,NULL,'admin','테스트 Root 댓글 입력 23',0,0,'2023-06-08 14:17:54','2023-06-08 14:17:54',NULL,'관리자'),(471,167,NULL,'admin','테스트 Root 댓글 입력 24',0,0,'2023-06-08 14:17:54','2023-06-08 14:17:54',NULL,'관리자'),(472,167,NULL,'admin','테스트 Root 댓글 입력 25',0,0,'2023-06-08 14:17:54','2023-06-08 14:17:54',NULL,'관리자'),(473,167,NULL,'admin','테스트 Root 댓글 입력 26',0,0,'2023-06-08 14:17:54','2023-06-08 14:17:54',NULL,'관리자'),(474,167,NULL,'admin','테스트 Root 댓글 입력 27',0,0,'2023-06-08 14:17:54','2023-06-08 14:17:54',NULL,'관리자'),(475,167,NULL,'admin','테스트 Root 댓글 입력 28',0,0,'2023-06-08 14:17:54','2023-06-08 14:17:54',NULL,'관리자'),(476,167,NULL,'admin','테스트 Root 댓글 입력 29',0,0,'2023-06-08 14:17:54','2023-06-08 14:17:54',NULL,'관리자'),(477,167,NULL,'admin','테스트 Root 댓글 입력 30',0,0,'2023-06-08 14:17:54','2023-06-08 14:17:54',NULL,'관리자'),(478,167,NULL,'admin','테스트 Root 댓글 입력 31',0,0,'2023-06-08 14:17:54','2023-06-08 14:17:54',NULL,'관리자'),(479,167,NULL,'admin','테스트 Root 댓글 입력 32',0,0,'2023-06-08 14:17:54','2023-06-08 14:17:54',NULL,'관리자'),(480,167,NULL,'admin','테스트 Root 댓글 입력 33',0,0,'2023-06-08 14:17:54','2023-06-08 14:17:54',NULL,'관리자'),(481,167,NULL,'admin','테스트 Root 댓글 입력 34',0,0,'2023-06-08 14:17:54','2023-06-08 14:17:54',NULL,'관리자'),(482,167,NULL,'admin','테스트 Root 댓글 입력 35',0,0,'2023-06-08 14:17:54','2023-06-08 14:17:54',NULL,'관리자'),(483,167,NULL,'admin','테스트 Root 댓글 입력 36',0,0,'2023-06-08 14:17:54','2023-06-08 14:17:54',NULL,'관리자'),(484,167,NULL,'admin','테스트 Root 댓글 입력 37',0,0,'2023-06-08 14:17:54','2023-06-08 14:17:54',NULL,'관리자'),(485,167,NULL,'admin','테스트 Root 댓글 입력 38',0,0,'2023-06-08 14:17:54','2023-06-08 14:17:54',NULL,'관리자'),(486,167,NULL,'admin','테스트 Root 댓글 입력 39',0,0,'2023-06-08 14:17:54','2023-06-08 14:17:54',NULL,'관리자'),(487,167,NULL,'admin','테스트 Root 댓글 입력 40',0,0,'2023-06-08 14:17:54','2023-06-08 14:17:54',NULL,'관리자'),(488,167,NULL,'admin','테스트 Root 댓글 입력 41',0,0,'2023-06-08 14:17:54','2023-06-08 14:17:54',NULL,'관리자'),(489,167,NULL,'admin','테스트 Root 댓글 입력 42',0,0,'2023-06-08 14:17:54','2023-06-08 14:17:54',NULL,'관리자'),(490,167,NULL,'admin','테스트 Root 댓글 입력 43',0,0,'2023-06-08 14:17:54','2023-06-08 14:17:54',NULL,'관리자'),(491,167,NULL,'admin','테스트 Root 댓글 입력 44',0,0,'2023-06-08 14:17:54','2023-06-08 14:17:54',NULL,'관리자'),(492,167,NULL,'admin','테스트 Root 댓글 입력 45',0,0,'2023-06-08 14:17:54','2023-06-08 14:17:54',NULL,'관리자'),(493,167,NULL,'admin','테스트 Root 댓글 입력 46',0,0,'2023-06-08 14:17:54','2023-06-08 14:17:54',NULL,'관리자'),(494,167,NULL,'admin','테스트 Root 댓글 입력 47',0,0,'2023-06-08 14:17:54','2023-06-08 14:17:54',NULL,'관리자'),(495,167,NULL,'admin','테스트 Root 댓글 입력 48',0,0,'2023-06-08 14:17:54','2023-06-08 14:17:54',NULL,'관리자'),(496,167,NULL,'admin','테스트 Root 댓글 입력 49',0,0,'2023-06-08 14:17:54','2023-06-08 14:17:54',NULL,'관리자'),(497,167,NULL,'admin','테스트 Root 댓글 입력 50',0,0,'2023-06-08 14:17:54','2023-06-08 14:17:54',NULL,'관리자'),(498,167,NULL,'admin','테스트 Root 댓글 입력 51',0,0,'2023-06-08 14:17:54','2023-06-08 14:17:54',NULL,'관리자'),(499,167,NULL,'admin','테스트 Root 댓글 입력 52',0,0,'2023-06-08 14:17:54','2023-06-08 14:17:54',NULL,'관리자'),(500,167,NULL,'admin','테스트 Root 댓글 입력 53',0,0,'2023-06-08 14:17:54','2023-06-08 14:17:54',NULL,'관리자'),(501,167,NULL,'admin','테스트 Root 댓글 입력 54',0,0,'2023-06-08 14:17:54','2023-06-08 14:17:54',NULL,'관리자'),(502,167,NULL,'admin','테스트 Root 댓글 입력 55',0,0,'2023-06-08 14:17:54','2023-06-08 14:17:54',NULL,'관리자'),(503,167,NULL,'admin','테스트 Root 댓글 입력 56',0,0,'2023-06-08 14:17:54','2023-06-08 14:17:54',NULL,'관리자'),(504,167,NULL,'admin','테스트 Root 댓글 입력 57',0,0,'2023-06-08 14:17:54','2023-06-08 14:17:54',NULL,'관리자'),(505,167,NULL,'admin','테스트 Root 댓글 입력 58',0,0,'2023-06-08 14:17:54','2023-06-08 14:17:54',NULL,'관리자'),(506,167,NULL,'admin','테스트 Root 댓글 입력 59',0,0,'2023-06-08 14:17:54','2023-06-08 14:17:54',NULL,'관리자'),(507,167,NULL,'admin','테스트 Root 댓글 입력 60',0,0,'2023-06-08 14:17:54','2023-06-08 14:17:54',NULL,'관리자'),(508,167,NULL,'admin','테스트 Root 댓글 입력 61',0,0,'2023-06-08 14:17:54','2023-06-08 14:17:54',NULL,'관리자'),(509,167,NULL,'admin','테스트 Root 댓글 입력 62',0,0,'2023-06-08 14:17:54','2023-06-08 14:17:54',NULL,'관리자'),(510,167,NULL,'admin','테스트 Root 댓글 입력 63',0,0,'2023-06-08 14:17:54','2023-06-08 14:17:54',NULL,'관리자'),(511,167,NULL,'admin','테스트 Root 댓글 입력 64',0,0,'2023-06-08 14:17:54','2023-06-08 14:17:54',NULL,'관리자'),(512,167,NULL,'admin','테스트 Root 댓글 입력 65',0,0,'2023-06-08 14:17:54','2023-06-08 14:17:54',NULL,'관리자'),(513,167,NULL,'admin','테스트 Root 댓글 입력 66',0,0,'2023-06-08 14:17:54','2023-06-08 14:17:54',NULL,'관리자'),(514,167,NULL,'admin','테스트 Root 댓글 입력 67',0,0,'2023-06-08 14:17:54','2023-06-08 14:17:54',NULL,'관리자'),(515,167,NULL,'admin','테스트 Root 댓글 입력 68',0,0,'2023-06-08 14:17:54','2023-06-08 14:17:54',NULL,'관리자'),(516,167,NULL,'admin','테스트 Root 댓글 입력 69',0,0,'2023-06-08 14:17:54','2023-06-08 14:17:54',NULL,'관리자'),(517,167,NULL,'admin','테스트 Root 댓글 입력 70',0,0,'2023-06-08 14:17:54','2023-06-08 14:17:54',NULL,'관리자'),(518,167,NULL,'admin','테스트 Root 댓글 입력 71',0,0,'2023-06-08 14:17:54','2023-06-08 14:17:54',NULL,'관리자'),(519,167,NULL,'admin','테스트 Root 댓글 입력 72',0,0,'2023-06-08 14:17:54','2023-06-08 14:17:54',NULL,'관리자'),(520,167,NULL,'admin','테스트 Root 댓글 입력 73',0,0,'2023-06-08 14:17:54','2023-06-08 14:17:54',NULL,'관리자'),(521,167,NULL,'admin','테스트 Root 댓글 입력 74',0,0,'2023-06-08 14:17:54','2023-06-08 14:17:54',NULL,'관리자'),(522,167,NULL,'admin','테스트 Root 댓글 입력 75',0,0,'2023-06-08 14:17:54','2023-06-08 14:17:54',NULL,'관리자'),(523,167,NULL,'admin','테스트 Root 댓글 입력 76',0,0,'2023-06-08 14:17:54','2023-06-08 14:17:54',NULL,'관리자'),(524,167,NULL,'admin','테스트 Root 댓글 입력 77',0,0,'2023-06-08 14:17:54','2023-06-08 14:17:54',NULL,'관리자'),(525,167,NULL,'admin','테스트 Root 댓글 입력 78',0,0,'2023-06-08 14:17:54','2023-06-08 14:17:54',NULL,'관리자'),(526,167,NULL,'admin','테스트 Root 댓글 입력 79',0,0,'2023-06-08 14:17:54','2023-06-08 14:17:54',NULL,'관리자'),(527,167,NULL,'admin','테스트 Root 댓글 입력 80',0,0,'2023-06-08 14:17:54','2023-06-08 14:17:54',NULL,'관리자'),(528,167,NULL,'admin','테스트 Root 댓글 입력 81',0,0,'2023-06-08 14:17:54','2023-06-08 14:17:54',NULL,'관리자'),(529,167,NULL,'admin','테스트 Root 댓글 입력 82',0,0,'2023-06-08 14:17:54','2023-06-08 14:17:54',NULL,'관리자'),(530,167,NULL,'admin','테스트 Root 댓글 입력 83',0,0,'2023-06-08 14:17:54','2023-06-08 14:17:54',NULL,'관리자'),(531,167,NULL,'admin','테스트 Root 댓글 입력 84',0,0,'2023-06-08 14:17:54','2023-06-08 14:17:54',NULL,'관리자'),(532,167,NULL,'admin','테스트 Root 댓글 입력 85',0,0,'2023-06-08 14:17:54','2023-06-08 14:17:54',NULL,'관리자'),(533,167,NULL,'admin','테스트 Root 댓글 입력 86',0,0,'2023-06-08 14:17:54','2023-06-08 14:17:54',NULL,'관리자'),(534,167,NULL,'admin','테스트 Root 댓글 입력 87',0,0,'2023-06-08 14:17:54','2023-06-08 14:17:54',NULL,'관리자'),(535,167,NULL,'admin','테스트 Root 댓글 입력 88',0,0,'2023-06-08 14:17:54','2023-06-08 14:17:54',NULL,'관리자'),(536,167,NULL,'admin','테스트 Root 댓글 입력 89',0,0,'2023-06-08 14:17:54','2023-06-08 14:17:54',NULL,'관리자'),(537,167,NULL,'admin','테스트 Root 댓글 입력 90',0,0,'2023-06-08 14:17:54','2023-06-08 14:17:54',NULL,'관리자'),(538,167,NULL,'admin','테스트 Root 댓글 입력 91',0,0,'2023-06-08 14:17:54','2023-06-08 14:17:54',NULL,'관리자'),(539,167,NULL,'admin','테스트 Root 댓글 입력 92',0,0,'2023-06-08 14:17:54','2023-06-08 14:17:54',NULL,'관리자'),(540,167,NULL,'admin','테스트 Root 댓글 입력 93',0,0,'2023-06-08 14:17:54','2023-06-08 14:17:54',NULL,'관리자'),(541,167,NULL,'admin','테스트 Root 댓글 입력 94',0,0,'2023-06-08 14:17:54','2023-06-08 14:17:54',NULL,'관리자'),(542,167,NULL,'admin','테스트 Root 댓글 입력 95',0,0,'2023-06-08 14:17:54','2023-06-08 14:17:54',NULL,'관리자'),(543,167,NULL,'admin','테스트 Root 댓글 입력 96',0,0,'2023-06-08 14:17:54','2023-06-08 14:17:54',NULL,'관리자'),(544,167,NULL,'admin','테스트 Root 댓글 입력 97',0,0,'2023-06-08 14:17:54','2023-06-08 14:17:54',NULL,'관리자'),(545,167,NULL,'admin','테스트 Root 댓글 입력 98',0,0,'2023-06-08 14:17:54','2023-06-08 14:17:54',NULL,'관리자'),(546,167,NULL,'admin','테스트 Root 댓글 입력 99',0,0,'2023-06-08 14:17:54','2023-06-08 14:17:54',NULL,'관리자'),(547,167,NULL,'admin','테스트 Root 댓글 입력 100',0,0,'2023-06-08 14:17:54','2023-06-08 14:17:54',NULL,'관리자'),(548,167,NULL,'admin','테스트 Root 댓글 입력 101',0,0,'2023-06-08 14:17:54','2023-06-08 14:17:54',NULL,'관리자'),(549,167,NULL,'admin','테스트 Root 댓글 입력 102',0,0,'2023-06-08 14:17:54','2023-06-08 14:17:54',NULL,'관리자'),(550,167,NULL,'admin','테스트 Root 댓글 입력 103',0,0,'2023-06-08 14:17:54','2023-06-08 14:17:54',NULL,'관리자'),(551,167,NULL,'admin','테스트 Root 댓글 입력 104',0,0,'2023-06-08 14:17:54','2023-06-08 14:17:54',NULL,'관리자'),(552,167,NULL,'admin','테스트 Root 댓글 입력 105',0,0,'2023-06-08 14:17:54','2023-06-08 14:17:54',NULL,'관리자'),(553,167,NULL,'admin','테스트 Root 댓글 입력 106',0,0,'2023-06-08 14:17:54','2023-06-08 14:17:54',NULL,'관리자'),(554,167,NULL,'admin','테스트 Root 댓글 입력 107',0,0,'2023-06-08 14:17:54','2023-06-08 14:17:54',NULL,'관리자'),(555,167,NULL,'admin','테스트 Root 댓글 입력 108',0,0,'2023-06-08 14:17:54','2023-06-08 14:17:54',NULL,'관리자'),(556,167,NULL,'admin','테스트 Root 댓글 입력 109',0,0,'2023-06-08 14:17:54','2023-06-08 14:17:54',NULL,'관리자'),(557,167,NULL,'admin','테스트 Root 댓글 입력 110',0,0,'2023-06-08 14:17:54','2023-06-08 14:17:54',NULL,'관리자'),(558,167,NULL,'admin','테스트 Root 댓글 입력 111',0,0,'2023-06-08 14:17:54','2023-06-08 14:17:54',NULL,'관리자'),(559,167,NULL,'admin','테스트 Root 댓글 입력 112',0,0,'2023-06-08 14:17:54','2023-06-08 14:17:54',NULL,'관리자'),(560,167,NULL,'admin','테스트 Root 댓글 입력 113',0,0,'2023-06-08 14:17:54','2023-06-08 14:17:54',NULL,'관리자'),(561,167,NULL,'admin','테스트 Root 댓글 입력 114',0,0,'2023-06-08 14:17:54','2023-06-08 14:17:54',NULL,'관리자'),(562,167,NULL,'admin','테스트 Root 댓글 입력 115',0,0,'2023-06-08 14:17:54','2023-06-08 14:17:54',NULL,'관리자'),(563,167,NULL,'admin','테스트 Root 댓글 입력 116',0,0,'2023-06-08 14:17:54','2023-06-08 14:17:54',NULL,'관리자'),(564,167,NULL,'admin','테스트 Root 댓글 입력 117',0,0,'2023-06-08 14:17:54','2023-06-08 14:17:54',NULL,'관리자'),(565,167,NULL,'admin','테스트 Root 댓글 입력 118',0,0,'2023-06-08 14:17:54','2023-06-08 14:17:54',NULL,'관리자'),(566,167,NULL,'admin','테스트 Root 댓글 입력 119',0,0,'2023-06-08 14:17:54','2023-06-08 14:17:54',NULL,'관리자'),(567,167,NULL,'admin','테스트 Root 댓글 입력 120',0,0,'2023-06-08 14:17:54','2023-06-08 14:17:54',NULL,'관리자'),(568,167,NULL,'admin','테스트 Root 댓글 입력 121',0,0,'2023-06-08 14:17:54','2023-06-08 14:17:54',NULL,'관리자'),(569,167,NULL,'admin','테스트 Root 댓글 입력 122',0,0,'2023-06-08 14:17:54','2023-06-08 14:17:54',NULL,'관리자'),(570,167,NULL,'admin','테스트 Root 댓글 입력 123',0,0,'2023-06-08 14:17:54','2023-06-08 14:17:54',NULL,'관리자'),(571,167,NULL,'admin','테스트 Root 댓글 입력 124',0,0,'2023-06-08 14:17:54','2023-06-08 14:17:54',NULL,'관리자'),(572,167,NULL,'admin','테스트 Root 댓글 입력 125',0,0,'2023-06-08 14:17:54','2023-06-08 14:17:54',NULL,'관리자'),(573,167,NULL,'admin','테스트 Root 댓글 입력 126',0,0,'2023-06-08 14:17:54','2023-06-08 14:17:54',NULL,'관리자'),(574,167,NULL,'admin','테스트 Root 댓글 입력 127',0,0,'2023-06-08 14:17:54','2023-06-08 14:17:54',NULL,'관리자'),(575,167,NULL,'admin','테스트 Root 댓글 입력 128',0,0,'2023-06-08 14:17:54','2023-06-08 14:17:54',NULL,'관리자'),(576,167,NULL,'admin','테스트 Root 댓글 입력 129',0,0,'2023-06-08 14:17:54','2023-06-08 14:17:54',NULL,'관리자'),(577,167,NULL,'admin','테스트 Root 댓글 입력 130',0,0,'2023-06-08 14:17:54','2023-06-08 14:17:54',NULL,'관리자'),(578,167,NULL,'admin','테스트 Root 댓글 입력 131',0,0,'2023-06-08 14:17:54','2023-06-08 14:17:54',NULL,'관리자'),(579,167,NULL,'admin','테스트 Root 댓글 입력 132',0,0,'2023-06-08 14:17:54','2023-06-08 14:17:54',NULL,'관리자'),(580,167,NULL,'admin','테스트 Root 댓글 입력 133',0,0,'2023-06-08 14:17:54','2023-06-08 14:17:54',NULL,'관리자'),(581,167,NULL,'admin','테스트 Root 댓글 입력 134',0,0,'2023-06-08 14:17:54','2023-06-08 14:17:54',NULL,'관리자'),(582,167,NULL,'admin','테스트 Root 댓글 입력 135',0,0,'2023-06-08 14:17:54','2023-06-08 14:17:54',NULL,'관리자'),(583,167,NULL,'admin','테스트 Root 댓글 입력 136',0,0,'2023-06-08 14:17:54','2023-06-08 14:17:54',NULL,'관리자'),(584,167,NULL,'admin','테스트 Root 댓글 입력 137',0,0,'2023-06-08 14:17:54','2023-06-08 14:17:54',NULL,'관리자'),(585,167,NULL,'admin','테스트 Root 댓글 입력 138',0,0,'2023-06-08 14:17:54','2023-06-08 14:17:54',NULL,'관리자'),(586,167,NULL,'admin','테스트 Root 댓글 입력 139',0,0,'2023-06-08 14:17:54','2023-06-08 14:17:54',NULL,'관리자'),(587,167,NULL,'admin','테스트 Root 댓글 입력 140',0,0,'2023-06-08 14:17:54','2023-06-08 14:17:54',NULL,'관리자'),(588,167,NULL,'admin','테스트 Root 댓글 입력 141',0,0,'2023-06-08 14:17:54','2023-06-08 14:17:54',NULL,'관리자'),(589,167,NULL,'admin','테스트 Root 댓글 입력 142',0,0,'2023-06-08 14:17:54','2023-06-08 14:17:54',NULL,'관리자'),(590,167,NULL,'admin','테스트 Root 댓글 입력 143',0,0,'2023-06-08 14:17:54','2023-06-08 14:17:54',NULL,'관리자'),(591,167,NULL,'admin','테스트 Root 댓글 입력 144',0,0,'2023-06-08 14:17:54','2023-06-08 14:17:54',NULL,'관리자'),(592,167,NULL,'admin','테스트 Root 댓글 입력 145',0,0,'2023-06-08 14:17:54','2023-06-08 14:17:54',NULL,'관리자'),(593,167,NULL,'admin','테스트 Root 댓글 입력 146',0,0,'2023-06-08 14:17:54','2023-06-08 14:17:54',NULL,'관리자'),(594,167,NULL,'admin','테스트 Root 댓글 입력 147',0,0,'2023-06-08 14:17:54','2023-06-08 14:17:54',NULL,'관리자'),(595,167,NULL,'admin','테스트 Root 댓글 입력 148',0,0,'2023-06-08 14:17:54','2023-06-08 14:17:54',NULL,'관리자'),(596,167,NULL,'admin','테스트 Root 댓글 입력 149',0,0,'2023-06-08 14:17:54','2023-06-08 14:17:54',NULL,'관리자'),(597,167,NULL,'admin','테스트 Root 댓글 입력 150',0,0,'2023-06-08 14:17:54','2023-06-08 14:17:54',NULL,'관리자'),(598,167,NULL,'admin','테스트 Root 댓글 입력 151',0,0,'2023-06-08 14:17:54','2023-06-08 14:17:54',NULL,'관리자'),(599,167,NULL,'admin','테스트 Root 댓글 입력 152',0,0,'2023-06-08 14:17:54','2023-06-08 14:17:54',NULL,'관리자'),(600,167,NULL,'admin','테스트 Root 댓글 입력 153',0,0,'2023-06-08 14:17:54','2023-06-08 14:17:54',NULL,'관리자'),(601,167,NULL,'admin','테스트 Root 댓글 입력 154',0,0,'2023-06-08 14:17:54','2023-06-08 14:17:54',NULL,'관리자'),(602,167,NULL,'admin','테스트 Root 댓글 입력 155',0,0,'2023-06-08 14:17:54','2023-06-08 14:17:54',NULL,'관리자'),(603,167,NULL,'admin','테스트 Root 댓글 입력 156',0,0,'2023-06-08 14:17:54','2023-06-08 14:17:54',NULL,'관리자'),(604,167,NULL,'admin','테스트 Root 댓글 입력 157',0,0,'2023-06-08 14:17:54','2023-06-08 14:17:54',NULL,'관리자'),(605,167,NULL,'admin','테스트 Root 댓글 입력 158',0,0,'2023-06-08 14:17:54','2023-06-08 14:17:54',NULL,'관리자'),(606,167,NULL,'admin','테스트 Root 댓글 입력 159',0,0,'2023-06-08 14:17:54','2023-06-08 14:17:54',NULL,'관리자'),(607,167,NULL,'admin','테스트 Root 댓글 입력 160',0,0,'2023-06-08 14:17:54','2023-06-08 14:17:54',NULL,'관리자'),(608,167,NULL,'admin','테스트 Root 댓글 입력 161',0,0,'2023-06-08 14:17:54','2023-06-08 14:17:54',NULL,'관리자'),(609,167,NULL,'admin','테스트 Root 댓글 입력 162',0,0,'2023-06-08 14:17:55','2023-06-08 14:17:55',NULL,'관리자'),(610,167,NULL,'admin','테스트 Root 댓글 입력 163',0,0,'2023-06-08 14:17:55','2023-06-08 14:17:55',NULL,'관리자'),(611,167,NULL,'admin','테스트 Root 댓글 입력 164',0,0,'2023-06-08 14:17:55','2023-06-08 14:17:55',NULL,'관리자'),(612,167,NULL,'admin','테스트 Root 댓글 입력 165',0,0,'2023-06-08 14:17:55','2023-06-08 14:17:55',NULL,'관리자'),(613,167,NULL,'admin','테스트 Root 댓글 입력 166',0,0,'2023-06-08 14:17:55','2023-06-08 14:17:55',NULL,'관리자'),(614,167,NULL,'admin','테스트 Root 댓글 입력 167',0,0,'2023-06-08 14:17:55','2023-06-08 14:17:55',NULL,'관리자'),(615,167,NULL,'admin','테스트 Root 댓글 입력 168',0,0,'2023-06-08 14:17:55','2023-06-08 14:17:55',NULL,'관리자'),(616,167,NULL,'admin','테스트 Root 댓글 입력 169',0,0,'2023-06-08 14:17:55','2023-06-08 14:17:55',NULL,'관리자'),(617,167,NULL,'admin','테스트 Root 댓글 입력 170',0,0,'2023-06-08 14:17:55','2023-06-08 14:17:55',NULL,'관리자'),(618,167,NULL,'admin','테스트 Root 댓글 입력 171',0,0,'2023-06-08 14:17:55','2023-06-08 14:17:55',NULL,'관리자'),(619,167,NULL,'admin','테스트 Root 댓글 입력 172',0,0,'2023-06-08 14:17:55','2023-06-08 14:17:55',NULL,'관리자'),(620,167,NULL,'admin','테스트 Root 댓글 입력 173',0,0,'2023-06-08 14:17:55','2023-06-08 14:17:55',NULL,'관리자'),(621,167,NULL,'admin','테스트 Root 댓글 입력 174',0,0,'2023-06-08 14:17:55','2023-06-08 14:17:55',NULL,'관리자'),(622,167,NULL,'admin','테스트 Root 댓글 입력 175',0,0,'2023-06-08 14:17:55','2023-06-08 14:17:55',NULL,'관리자'),(623,167,NULL,'admin','테스트 Root 댓글 입력 176',0,0,'2023-06-08 14:17:55','2023-06-08 14:17:55',NULL,'관리자'),(624,167,NULL,'admin','테스트 Root 댓글 입력 177',0,0,'2023-06-08 14:17:55','2023-06-08 14:17:55',NULL,'관리자'),(625,167,NULL,'admin','테스트 Root 댓글 입력 178',0,0,'2023-06-08 14:17:55','2023-06-08 14:17:55',NULL,'관리자'),(626,167,NULL,'admin','테스트 Root 댓글 입력 179',0,0,'2023-06-08 14:17:55','2023-06-08 14:17:55',NULL,'관리자'),(627,167,NULL,'admin','테스트 Root 댓글 입력 180',0,0,'2023-06-08 14:17:55','2023-06-08 14:17:55',NULL,'관리자'),(628,167,NULL,'admin','테스트 Root 댓글 입력 181',0,0,'2023-06-08 14:17:55','2023-06-08 14:17:55',NULL,'관리자'),(629,167,NULL,'admin','테스트 Root 댓글 입력 182',0,0,'2023-06-08 14:17:55','2023-06-08 14:17:55',NULL,'관리자'),(630,167,NULL,'admin','테스트 Root 댓글 입력 183',0,0,'2023-06-08 14:17:55','2023-06-08 14:17:55',NULL,'관리자'),(631,167,NULL,'admin','테스트 Root 댓글 입력 184',0,0,'2023-06-08 14:17:55','2023-06-08 14:17:55',NULL,'관리자'),(632,167,NULL,'admin','테스트 Root 댓글 입력 185',0,0,'2023-06-08 14:17:55','2023-06-08 14:17:55',NULL,'관리자'),(633,167,NULL,'admin','테스트 Root 댓글 입력 186',0,0,'2023-06-08 14:17:55','2023-06-08 14:17:55',NULL,'관리자'),(634,167,NULL,'admin','테스트 Root 댓글 입력 187',0,0,'2023-06-08 14:17:55','2023-06-08 14:17:55',NULL,'관리자'),(635,167,NULL,'admin','테스트 Root 댓글 입력 188',0,0,'2023-06-08 14:17:55','2023-06-08 14:17:55',NULL,'관리자'),(636,167,NULL,'admin','테스트 Root 댓글 입력 189',0,0,'2023-06-08 14:17:55','2023-06-08 14:17:55',NULL,'관리자'),(637,167,NULL,'admin','테스트 Root 댓글 입력 190',0,0,'2023-06-08 14:17:55','2023-06-08 14:17:55',NULL,'관리자'),(638,167,NULL,'admin','테스트 Root 댓글 입력 191',0,0,'2023-06-08 14:17:55','2023-06-08 14:17:55',NULL,'관리자'),(639,167,NULL,'admin','테스트 Root 댓글 입력 192',0,0,'2023-06-08 14:17:55','2023-06-08 14:17:55',NULL,'관리자'),(640,167,NULL,'admin','테스트 Root 댓글 입력 193',0,0,'2023-06-08 14:17:55','2023-06-08 14:17:55',NULL,'관리자'),(641,167,NULL,'admin','테스트 Root 댓글 입력 194',0,0,'2023-06-08 14:17:55','2023-06-08 14:17:55',NULL,'관리자'),(642,167,NULL,'admin','테스트 Root 댓글 입력 195',0,0,'2023-06-08 14:17:55','2023-06-08 14:17:55',NULL,'관리자'),(643,167,NULL,'admin','테스트 Root 댓글 입력 196',0,0,'2023-06-08 14:17:55','2023-06-08 14:17:55',NULL,'관리자'),(644,167,NULL,'admin','테스트 Root 댓글 입력 197',0,0,'2023-06-08 14:17:55','2023-06-08 14:17:55',NULL,'관리자'),(645,167,NULL,'admin','테스트 Root 댓글 입력 198',0,0,'2023-06-08 14:17:55','2023-06-08 14:17:55',NULL,'관리자'),(646,167,NULL,'admin','테스트 Root 댓글 입력 199',0,0,'2023-06-08 14:17:55','2023-06-08 14:17:55',NULL,'관리자'),(647,167,NULL,'admin','테스트 Root 댓글 입력 200',0,0,'2023-06-08 14:17:55','2023-06-08 14:17:55',NULL,'관리자'),(648,167,NULL,'admin','테스트 Root 댓글 입력 201',0,0,'2023-06-08 14:17:55','2023-06-08 14:17:55',NULL,'관리자'),(649,167,NULL,'admin','테스트 Root 댓글 입력 202',0,0,'2023-06-08 14:17:55','2023-06-08 14:17:55',NULL,'관리자'),(650,167,NULL,'admin','테스트 Root 댓글 입력 203',0,0,'2023-06-08 14:17:55','2023-06-08 14:17:55',NULL,'관리자'),(651,167,NULL,'admin','테스트 Root 댓글 입력 204',0,0,'2023-06-08 14:17:55','2023-06-08 14:17:55',NULL,'관리자'),(652,167,NULL,'admin','테스트 Root 댓글 입력 205',0,0,'2023-06-08 14:17:55','2023-06-08 14:17:55',NULL,'관리자'),(653,167,NULL,'admin','테스트 Root 댓글 입력 206',0,0,'2023-06-08 14:17:55','2023-06-08 14:17:55',NULL,'관리자'),(654,167,NULL,'admin','테스트 Root 댓글 입력 207',0,0,'2023-06-08 14:17:55','2023-06-08 14:17:55',NULL,'관리자'),(655,167,NULL,'admin','테스트 Root 댓글 입력 208',0,0,'2023-06-08 14:17:55','2023-06-08 14:17:55',NULL,'관리자'),(656,167,NULL,'admin','테스트 Root 댓글 입력 209',0,0,'2023-06-08 14:17:55','2023-06-08 14:17:55',NULL,'관리자'),(657,167,NULL,'admin','테스트 Root 댓글 입력 210',0,0,'2023-06-08 14:17:55','2023-06-08 14:17:55',NULL,'관리자'),(658,167,NULL,'admin','테스트 Root 댓글 입력 211',0,0,'2023-06-08 14:17:55','2023-06-08 14:17:55',NULL,'관리자'),(659,167,NULL,'admin','테스트 Root 댓글 입력 212',0,0,'2023-06-08 14:17:55','2023-06-08 14:17:55',NULL,'관리자'),(660,167,NULL,'admin','테스트 Root 댓글 입력 213',0,0,'2023-06-08 14:17:55','2023-06-08 14:17:55',NULL,'관리자'),(661,167,NULL,'admin','테스트 Root 댓글 입력 214',0,0,'2023-06-08 14:17:55','2023-06-08 14:17:55',NULL,'관리자'),(662,167,NULL,'admin','테스트 Root 댓글 입력 215',0,0,'2023-06-08 14:17:55','2023-06-08 14:17:55',NULL,'관리자'),(663,167,NULL,'admin','테스트 Root 댓글 입력 216',0,0,'2023-06-08 14:17:55','2023-06-08 14:17:55',NULL,'관리자'),(664,167,NULL,'admin','테스트 Root 댓글 입력 217',0,0,'2023-06-08 14:17:55','2023-06-08 14:17:55',NULL,'관리자'),(665,167,NULL,'admin','테스트 Root 댓글 입력 218',0,0,'2023-06-08 14:17:55','2023-06-08 14:17:55',NULL,'관리자'),(666,167,NULL,'admin','테스트 Root 댓글 입력 219',0,0,'2023-06-08 14:17:55','2023-06-08 14:17:55',NULL,'관리자'),(667,167,NULL,'admin','테스트 Root 댓글 입력 220',0,0,'2023-06-08 14:17:55','2023-06-08 14:17:55',NULL,'관리자'),(668,167,NULL,'admin','테스트 Root 댓글 입력 221',0,0,'2023-06-08 14:17:55','2023-06-08 14:17:55',NULL,'관리자'),(669,167,NULL,'admin','테스트 Root 댓글 입력 222',0,0,'2023-06-08 14:17:55','2023-06-08 14:17:55',NULL,'관리자'),(670,167,NULL,'admin','테스트 Root 댓글 입력 223',0,0,'2023-06-08 14:17:55','2023-06-08 14:17:55',NULL,'관리자'),(671,167,NULL,'admin','테스트 Root 댓글 입력 224',0,0,'2023-06-08 14:17:55','2023-06-08 14:17:55',NULL,'관리자'),(672,167,NULL,'admin','테스트 Root 댓글 입력 225',0,0,'2023-06-08 14:17:55','2023-06-08 14:17:55',NULL,'관리자'),(673,167,NULL,'admin','테스트 Root 댓글 입력 226',0,0,'2023-06-08 14:17:55','2023-06-08 14:17:55',NULL,'관리자'),(674,167,NULL,'admin','테스트 Root 댓글 입력 227',0,0,'2023-06-08 14:17:55','2023-06-08 14:17:55',NULL,'관리자'),(675,167,NULL,'admin','테스트 Root 댓글 입력 228',0,0,'2023-06-08 14:17:55','2023-06-08 14:17:55',NULL,'관리자'),(676,167,NULL,'admin','테스트 Root 댓글 입력 229',0,0,'2023-06-08 14:17:55','2023-06-08 14:17:55',NULL,'관리자'),(677,167,NULL,'admin','테스트 Root 댓글 입력 230',0,0,'2023-06-08 14:17:55','2023-06-08 14:17:55',NULL,'관리자'),(678,167,NULL,'admin','테스트 Root 댓글 입력 231',0,0,'2023-06-08 14:17:55','2023-06-08 14:17:55',NULL,'관리자'),(679,167,NULL,'admin','테스트 Root 댓글 입력 232',0,0,'2023-06-08 14:17:55','2023-06-08 14:17:55',NULL,'관리자'),(680,167,NULL,'admin','테스트 Root 댓글 입력 233',0,0,'2023-06-08 14:17:55','2023-06-08 14:17:55',NULL,'관리자'),(681,167,NULL,'admin','테스트 Root 댓글 입력 234',0,0,'2023-06-08 14:17:55','2023-06-08 14:17:55',NULL,'관리자'),(682,167,NULL,'admin','테스트 Root 댓글 입력 235',0,0,'2023-06-08 14:17:55','2023-06-08 14:17:55',NULL,'관리자'),(683,167,NULL,'admin','테스트 Root 댓글 입력 236',0,0,'2023-06-08 14:17:55','2023-06-08 14:17:55',NULL,'관리자'),(684,167,NULL,'admin','테스트 Root 댓글 입력 237',0,0,'2023-06-08 14:17:55','2023-06-08 14:17:55',NULL,'관리자'),(685,167,NULL,'admin','테스트 Root 댓글 입력 238',0,0,'2023-06-08 14:17:55','2023-06-08 14:17:55',NULL,'관리자'),(686,167,NULL,'admin','테스트 Root 댓글 입력 239',0,0,'2023-06-08 14:17:55','2023-06-08 14:17:55',NULL,'관리자'),(687,167,NULL,'admin','테스트 Root 댓글 입력 240',0,0,'2023-06-08 14:17:55','2023-06-08 14:17:55',NULL,'관리자'),(688,167,NULL,'admin','테스트 Root 댓글 입력 241',0,0,'2023-06-08 14:17:55','2023-06-08 14:17:55',NULL,'관리자'),(689,167,NULL,'admin','테스트 Root 댓글 입력 242',0,0,'2023-06-08 14:17:55','2023-06-08 14:17:55',NULL,'관리자'),(690,167,NULL,'admin','테스트 Root 댓글 입력 243',0,0,'2023-06-08 14:17:55','2023-06-08 14:17:55',NULL,'관리자'),(691,167,NULL,'admin','테스트 Root 댓글 입력 244',0,0,'2023-06-08 14:17:55','2023-06-08 14:17:55',NULL,'관리자'),(692,167,NULL,'admin','테스트 Root 댓글 입력 245',0,0,'2023-06-08 14:17:55','2023-06-08 14:17:55',NULL,'관리자'),(693,167,NULL,'admin','테스트 Root 댓글 입력 246',0,0,'2023-06-08 14:17:55','2023-06-08 14:17:55',NULL,'관리자'),(694,167,NULL,'admin','테스트 Root 댓글 입력 247',0,0,'2023-06-08 14:17:55','2023-06-08 14:17:55',NULL,'관리자'),(695,167,NULL,'admin','테스트 Root 댓글 입력 248',0,0,'2023-06-08 14:17:55','2023-06-08 14:17:55',NULL,'관리자'),(696,167,NULL,'admin','테스트 Root 댓글 입력 249',0,0,'2023-06-08 14:17:55','2023-06-08 14:17:55',NULL,'관리자'),(697,167,NULL,'admin','테스트 Root 댓글 입력 250',0,0,'2023-06-08 14:17:55','2023-06-08 14:17:55',NULL,'관리자'),(698,167,NULL,'admin','테스트 Root 댓글 입력 251',0,0,'2023-06-08 14:17:55','2023-06-08 14:17:55',NULL,'관리자'),(699,167,NULL,'admin','테스트 Root 댓글 입력 252',0,0,'2023-06-08 14:17:55','2023-06-08 14:17:55',NULL,'관리자'),(700,167,NULL,'admin','테스트 Root 댓글 입력 253',0,0,'2023-06-08 14:17:55','2023-06-08 14:17:55',NULL,'관리자'),(701,167,NULL,'admin','테스트 Root 댓글 입력 254',0,0,'2023-06-08 14:17:55','2023-06-08 14:17:55',NULL,'관리자'),(702,167,NULL,'admin','테스트 Root 댓글 입력 255',0,0,'2023-06-08 14:17:55','2023-06-08 14:17:55',NULL,'관리자'),(703,167,NULL,'admin','테스트 Root 댓글 입력 256',0,0,'2023-06-08 14:17:55','2023-06-08 14:17:55',NULL,'관리자'),(704,167,NULL,'admin','테스트 Root 댓글 입력 257',0,0,'2023-06-08 14:17:55','2023-06-08 14:17:55',NULL,'관리자'),(705,167,NULL,'admin','테스트 Root 댓글 입력 258',0,0,'2023-06-08 14:17:55','2023-06-08 14:17:55',NULL,'관리자'),(706,167,NULL,'admin','테스트 Root 댓글 입력 259',0,0,'2023-06-08 14:17:55','2023-06-08 14:17:55',NULL,'관리자'),(707,167,NULL,'admin','테스트 Root 댓글 입력 260',0,0,'2023-06-08 14:17:55','2023-06-08 14:17:55',NULL,'관리자'),(708,167,NULL,'admin','테스트 Root 댓글 입력 261',0,0,'2023-06-08 14:17:55','2023-06-08 14:17:55',NULL,'관리자'),(709,167,NULL,'admin','테스트 Root 댓글 입력 262',0,0,'2023-06-08 14:17:55','2023-06-08 14:17:55',NULL,'관리자'),(710,167,NULL,'admin','테스트 Root 댓글 입력 263',0,0,'2023-06-08 14:17:55','2023-06-08 14:17:55',NULL,'관리자'),(711,167,NULL,'admin','테스트 Root 댓글 입력 264',0,0,'2023-06-08 14:17:55','2023-06-08 14:17:55',NULL,'관리자'),(712,167,NULL,'admin','테스트 Root 댓글 입력 265',0,0,'2023-06-08 14:17:55','2023-06-08 14:17:55',NULL,'관리자'),(713,167,NULL,'admin','테스트 Root 댓글 입력 266',0,0,'2023-06-08 14:17:55','2023-06-08 14:17:55',NULL,'관리자'),(714,167,NULL,'admin','테스트 Root 댓글 입력 267',0,0,'2023-06-08 14:17:55','2023-06-08 14:17:55',NULL,'관리자'),(715,167,NULL,'admin','테스트 Root 댓글 입력 268',0,0,'2023-06-08 14:17:55','2023-06-08 14:17:55',NULL,'관리자'),(716,167,NULL,'admin','테스트 Root 댓글 입력 269',0,0,'2023-06-08 14:17:55','2023-06-08 14:17:55',NULL,'관리자'),(717,167,NULL,'admin','테스트 Root 댓글 입력 270',0,0,'2023-06-08 14:17:55','2023-06-08 14:17:55',NULL,'관리자'),(718,167,NULL,'admin','테스트 Root 댓글 입력 271',0,0,'2023-06-08 14:17:55','2023-06-08 14:17:55',NULL,'관리자'),(719,167,NULL,'admin','테스트 Root 댓글 입력 272',0,0,'2023-06-08 14:17:55','2023-06-08 14:17:55',NULL,'관리자'),(720,167,NULL,'admin','테스트 Root 댓글 입력 273',0,0,'2023-06-08 14:17:55','2023-06-08 14:17:55',NULL,'관리자'),(721,167,NULL,'admin','테스트 Root 댓글 입력 274',0,0,'2023-06-08 14:17:55','2023-06-08 14:17:55',NULL,'관리자'),(722,167,NULL,'admin','테스트 Root 댓글 입력 275',0,0,'2023-06-08 14:17:55','2023-06-08 14:17:55',NULL,'관리자'),(723,167,NULL,'admin','테스트 Root 댓글 입력 276',0,0,'2023-06-08 14:17:55','2023-06-08 14:17:55',NULL,'관리자'),(724,167,NULL,'admin','테스트 Root 댓글 입력 277',0,0,'2023-06-08 14:17:55','2023-06-08 14:17:55',NULL,'관리자'),(725,167,NULL,'admin','테스트 Root 댓글 입력 278',0,0,'2023-06-08 14:17:55','2023-06-08 14:17:55',NULL,'관리자'),(726,167,NULL,'admin','테스트 Root 댓글 입력 279',0,0,'2023-06-08 14:17:55','2023-06-08 14:17:55',NULL,'관리자'),(727,167,NULL,'admin','테스트 Root 댓글 입력 280',0,0,'2023-06-08 14:17:55','2023-06-08 14:17:55',NULL,'관리자'),(728,167,NULL,'admin','테스트 Root 댓글 입력 281',0,0,'2023-06-08 14:17:55','2023-06-08 14:17:55',NULL,'관리자'),(729,167,NULL,'admin','테스트 Root 댓글 입력 282',0,0,'2023-06-08 14:17:55','2023-06-08 14:17:55',NULL,'관리자'),(730,167,NULL,'admin','테스트 Root 댓글 입력 283',0,0,'2023-06-08 14:17:55','2023-06-08 14:17:55',NULL,'관리자'),(731,167,NULL,'admin','테스트 Root 댓글 입력 284',0,0,'2023-06-08 14:17:55','2023-06-08 14:17:55',NULL,'관리자'),(732,167,NULL,'admin','테스트 Root 댓글 입력 285',0,0,'2023-06-08 14:17:55','2023-06-08 14:17:55',NULL,'관리자'),(733,167,NULL,'admin','테스트 Root 댓글 입력 286',0,0,'2023-06-08 14:17:55','2023-06-08 14:17:55',NULL,'관리자'),(734,167,NULL,'admin','테스트 Root 댓글 입력 287',0,0,'2023-06-08 14:17:55','2023-06-08 14:17:55',NULL,'관리자'),(735,167,NULL,'admin','테스트 Root 댓글 입력 288',0,0,'2023-06-08 14:17:55','2023-06-08 14:17:55',NULL,'관리자'),(736,167,NULL,'admin','테스트 Root 댓글 입력 289',0,0,'2023-06-08 14:17:55','2023-06-08 14:17:55',NULL,'관리자'),(737,167,NULL,'admin','테스트 Root 댓글 입력 290',0,0,'2023-06-08 14:17:55','2023-06-08 14:17:55',NULL,'관리자'),(738,167,NULL,'admin','테스트 Root 댓글 입력 291',0,0,'2023-06-08 14:17:55','2023-06-08 14:17:55',NULL,'관리자'),(739,167,NULL,'admin','테스트 Root 댓글 입력 292',0,0,'2023-06-08 14:17:55','2023-06-08 14:17:55',NULL,'관리자'),(740,167,NULL,'admin','테스트 Root 댓글 입력 293',0,0,'2023-06-08 14:17:55','2023-06-08 14:17:55',NULL,'관리자'),(741,167,NULL,'admin','테스트 Root 댓글 입력 294',0,0,'2023-06-08 14:17:55','2023-06-08 14:17:55',NULL,'관리자'),(742,167,NULL,'admin','테스트 Root 댓글 입력 295',0,0,'2023-06-08 14:17:55','2023-06-08 14:17:55',NULL,'관리자'),(743,167,NULL,'admin','테스트 Root 댓글 입력 296',0,0,'2023-06-08 14:17:55','2023-06-08 14:17:55',NULL,'관리자'),(744,167,NULL,'admin','테스트 Root 댓글 입력 297',0,0,'2023-06-08 14:17:55','2023-06-08 14:17:55',NULL,'관리자'),(745,167,NULL,'admin','테스트 Root 댓글 입력 298',0,0,'2023-06-08 14:17:55','2023-06-08 14:17:55',NULL,'관리자'),(746,167,NULL,'admin','테스트 Root 댓글 입력 299',0,0,'2023-06-08 14:17:55','2023-06-08 14:17:55',NULL,'관리자'),(747,167,NULL,'admin','테스트 Root 댓글 입력 300',0,0,'2023-06-08 14:17:55','2023-06-08 14:17:55',NULL,'관리자'),(751,167,746,'admin','qgwg',0,0,'2023-06-08 23:34:43','2023-06-08 23:34:43',NULL,'관리자'),(753,172,NULL,'admin','asfasfasf',0,0,'2023-06-11 19:26:01','2023-06-11 19:26:01',NULL,'관리자'),(754,172,NULL,'admin','cbxcb',0,0,'2023-06-11 19:26:38','2023-06-11 19:26:38',NULL,'관리자'),(755,172,NULL,'admin','ykytkytk',0,0,'2023-06-11 19:28:20','2023-06-11 19:28:20',NULL,'관리자'),(756,172,754,'admin','xcbfhrthrt',0,0,'2023-06-11 19:28:29','2023-06-11 19:28:29',NULL,'관리자'),(757,167,NULL,'admin','htrhrthrthrth',0,0,'2023-06-11 19:28:43','2023-06-11 19:28:43',NULL,'관리자'),(758,167,757,'xowns','bcxvbxcb',0,0,'2023-06-18 22:22:30','2023-06-18 22:22:30',NULL,'wqgqwrwq'),(759,167,657,'xowns','fasfasf',0,0,'2023-06-18 22:22:37','2023-06-18 22:22:37',NULL,'wqgqwrwq');
/*!40000 ALTER TABLE `comment` ENABLE KEYS */;
UNLOCK TABLES;

--
-- Table structure for table `post`
--

DROP TABLE IF EXISTS `post`;
/*!40101 SET @saved_cs_client     = @@character_set_client */;
/*!50503 SET character_set_client = utf8mb4 */;
CREATE TABLE `post` (
  `id` int NOT NULL AUTO_INCREMENT,
  `board_id` int NOT NULL,
  `writer_id` varchar(45) NOT NULL,
  `title` varchar(255) CHARACTER SET utf8mb4 COLLATE utf8mb4_0900_ai_ci NOT NULL,
  `content` longtext CHARACTER SET utf8mb4 COLLATE utf8mb4_0900_ai_ci NOT NULL,
  `view_count` int DEFAULT '0',
  `good_count` int DEFAULT '0',
  `bad_count` int DEFAULT '0',
  `created_day` datetime DEFAULT CURRENT_TIMESTAMP,
  `modify_day` datetime DEFAULT CURRENT_TIMESTAMP,
  `delete_day` datetime DEFAULT NULL,
  `writer_nickname` varchar(100) NOT NULL,
  PRIMARY KEY (`id`,`board_id`,`writer_id`),
  KEY `post_boardfk` (`board_id`),
  KEY `post_userfk` (`writer_id`),
  CONSTRAINT `post_boardfk` FOREIGN KEY (`board_id`) REFERENCES `board` (`id`) ON DELETE CASCADE ON UPDATE RESTRICT,
  CONSTRAINT `post_userfk` FOREIGN KEY (`writer_id`) REFERENCES `user` (`id`)
) ENGINE=InnoDB AUTO_INCREMENT=185 DEFAULT CHARSET=utf8mb4 COLLATE=utf8mb4_0900_ai_ci COMMENT='게시글';
/*!40101 SET character_set_client = @saved_cs_client */;

--
-- Dumping data for table `post`
--

LOCK TABLES `post` WRITE;
/*!40000 ALTER TABLE `post` DISABLE KEYS */;
INSERT INTO `post` VALUES (167,126,'admin','sdfgsd','<p>gsdgsdg<br><img src=\"http://localhost:8080/ftp/userimage?filename=96e3449e-739e-427d-87b8-fcf10d062bda.png\"></p><p>dfghdfg</p>',0,0,0,'2022-11-28 14:20:20','2022-11-28 14:20:20',NULL,'관리자'),(170,126,'admin','h3h3','<p>dfh</p><figure class=\"image\"><img class=\"post_image\" src=\"http://localhost:8080/ftp/userimage?filename=0edbdf49-94b6-4fcd-8745-176c32337e36.png\"></figure>',0,0,0,'2022-11-28 14:55:42','2022-11-28 14:55:42',NULL,'관리자'),(171,126,'admin','테스트 게시글 입니다.','<p>&nbsp;</p><p>이미지1</p><figure class=\"image\"><img class=\"post_image\" src=\"http://localhost:8080/ftp/userimage?filename=b9119d11-fac4-430e-ab48-a9fe03f4bc7b.png\"></figure><p>이미지2</p><figure class=\"image\"><img class=\"post_image\" src=\"http://localhost:8080/ftp/userimage?filename=fc59daac-c446-49fd-886c-a14af92cc690.png\"></figure><figure class=\"table\"><table><tbody><tr><td>1</td><td>1</td></tr><tr><td>3323</td><td>ㅁㄴㄻㄴ</td></tr></tbody></table></figure><p>테이블 테스트</p><p>&nbsp;</p><p>&nbsp;</p>',0,0,0,'2022-11-29 13:32:43','2022-11-29 13:32:43',NULL,'관리자'),(172,126,'admin','512352315','<p>tqwqtqwt</p><p>asdasd</p>',0,0,0,'2023-05-09 13:11:27','2023-06-11 19:34:45',NULL,'관리자'),(174,126,'admin','yuoyuoyu','<p>hjgjghjghj</p>',0,0,0,'2023-06-11 19:58:46','2023-06-11 19:58:46',NULL,'관리자'),(175,126,'admin','vcncvn','<p>ewrewr</p>',0,0,0,'2023-06-11 20:00:03','2023-06-11 20:00:03',NULL,'관리자'),(176,126,'admin','634643','<p>ewtwet</p><p>wqrqwr</p>',0,0,0,'2023-06-12 15:23:43','2023-06-12 15:24:19',NULL,'관리자'),(177,126,'admin','54733','<p>vbccv</p>',0,0,0,'2023-06-13 10:17:45','2023-06-13 10:17:45',NULL,'관리자'),(178,126,'xowns','769769','<p>ghj</p>',0,0,0,'2023-06-13 10:18:41','2023-06-13 10:18:41',NULL,'wqgqwrwq'),(179,133,'admin','658568','<p>tyutyu</p>',0,0,0,'2023-06-13 23:59:30','2023-06-13 23:59:30',NULL,'관리자'),(181,126,'admin','ㄻㄴㄻㄴㄹ','<figure class=\"image\"><img class=\"post_image\" src=\"http://localhost:8080/ftp/userimage?filename=d9d7e85b-da21-4644-8860-6132b08b7889.png\"></figure>',0,0,0,'2023-06-15 00:01:50','2023-06-16 00:35:32',NULL,'관리자'),(183,126,'admin','yuouyo','<p>568tygu</p><p>bmbnm</p><p><img src=\"http://localhost:8080/ftp/userimage?filename=1a219979-9cff-4ede-b72e-805a4bd972f8.png\"></p>',0,0,0,'2023-06-18 22:16:33','2023-06-18 22:17:32',NULL,'관리자'),(184,126,'admin','cvbn','<p>dfgh</p><figure class=\"image\"><img class=\"post_image\" src=\"https://localhost/ftp/userimage?filename=e7c5ea5e-0d41-4dc1-94bc-ee9003700d5a.png\"></figure><p>b m</p>',0,0,0,'2023-06-23 22:30:18','2023-06-23 22:30:18',NULL,'관리자');
/*!40000 ALTER TABLE `post` ENABLE KEYS */;
UNLOCK TABLES;

--
-- Table structure for table `post_dislikes_history`
--

DROP TABLE IF EXISTS `post_dislikes_history`;
/*!40101 SET @saved_cs_client     = @@character_set_client */;
/*!50503 SET character_set_client = utf8mb4 */;
CREATE TABLE `post_dislikes_history` (
  `id` int NOT NULL AUTO_INCREMENT,
  `post_id` int NOT NULL,
  `user_id` varchar(45) NOT NULL,
  `created_day` datetime DEFAULT NULL,
  `modify_day` datetime DEFAULT NULL,
  PRIMARY KEY (`id`),
  KEY `post_id` (`post_id`),
  KEY `user_id` (`user_id`),
  CONSTRAINT `post_dislikes_history_ibfk_1` FOREIGN KEY (`post_id`) REFERENCES `post` (`id`) ON DELETE CASCADE ON UPDATE RESTRICT,
  CONSTRAINT `post_dislikes_history_ibfk_2` FOREIGN KEY (`user_id`) REFERENCES `user` (`id`) ON DELETE CASCADE ON UPDATE RESTRICT
) ENGINE=InnoDB AUTO_INCREMENT=2 DEFAULT CHARSET=utf8mb4 COLLATE=utf8mb4_0900_ai_ci;
/*!40101 SET character_set_client = @saved_cs_client */;

--
-- Dumping data for table `post_dislikes_history`
--

LOCK TABLES `post_dislikes_history` WRITE;
/*!40000 ALTER TABLE `post_dislikes_history` DISABLE KEYS */;
INSERT INTO `post_dislikes_history` VALUES (1,178,'xowns','2023-06-13 23:41:05',NULL);
/*!40000 ALTER TABLE `post_dislikes_history` ENABLE KEYS */;
UNLOCK TABLES;

--
-- Table structure for table `post_file`
--

DROP TABLE IF EXISTS `post_file`;
/*!40101 SET @saved_cs_client     = @@character_set_client */;
/*!50503 SET character_set_client = utf8mb4 */;
CREATE TABLE `post_file` (
  `id` int NOT NULL AUTO_INCREMENT,
  `post_id` int NOT NULL,
  `file_id` varchar(45) DEFAULT NULL,
  `file_name` varchar(45) DEFAULT NULL,
  PRIMARY KEY (`id`,`post_id`),
  KEY `postfile_ibfk_1` (`post_id`),
  CONSTRAINT `post_file_ibfk_1` FOREIGN KEY (`post_id`) REFERENCES `post` (`id`) ON DELETE CASCADE
) ENGINE=InnoDB AUTO_INCREMENT=32 DEFAULT CHARSET=utf8mb4 COLLATE=utf8mb4_0900_ai_ci;
/*!40101 SET character_set_client = @saved_cs_client */;

--
-- Dumping data for table `post_file`
--

LOCK TABLES `post_file` WRITE;
/*!40000 ALTER TABLE `post_file` DISABLE KEYS */;
INSERT INTO `post_file` VALUES (15,167,'96e3449e-739e-427d-87b8-fcf10d062bda','96e3449e-739e-427d-87b8-fcf10d062bda.png'),(19,170,'0edbdf49-94b6-4fcd-8745-176c32337e36','0edbdf49-94b6-4fcd-8745-176c32337e36.png'),(20,171,'b9119d11-fac4-430e-ab48-a9fe03f4bc7b','b9119d11-fac4-430e-ab48-a9fe03f4bc7b.png'),(21,171,'fc59daac-c446-49fd-886c-a14af92cc690','fc59daac-c446-49fd-886c-a14af92cc690.png'),(28,181,'d9d7e85b-da21-4644-8860-6132b08b7889','d9d7e85b-da21-4644-8860-6132b08b7889.png'),(30,183,'1a219979-9cff-4ede-b72e-805a4bd972f8','1a219979-9cff-4ede-b72e-805a4bd972f8.png'),(31,184,'e7c5ea5e-0d41-4dc1-94bc-ee9003700d5a','e7c5ea5e-0d41-4dc1-94bc-ee9003700d5a.png');
/*!40000 ALTER TABLE `post_file` ENABLE KEYS */;
UNLOCK TABLES;

--
-- Table structure for table `post_likes_history`
--

DROP TABLE IF EXISTS `post_likes_history`;
/*!40101 SET @saved_cs_client     = @@character_set_client */;
/*!50503 SET character_set_client = utf8mb4 */;
CREATE TABLE `post_likes_history` (
  `id` int NOT NULL AUTO_INCREMENT,
  `post_id` int NOT NULL,
  `user_id` varchar(45) CHARACTER SET utf8mb4 COLLATE utf8mb4_0900_ai_ci NOT NULL,
  `created_day` datetime DEFAULT NULL,
  `modify_day` datetime DEFAULT NULL,
  PRIMARY KEY (`id`),
  KEY `postfk` (`post_id`),
  KEY `userfk` (`user_id`),
  CONSTRAINT `postfk` FOREIGN KEY (`post_id`) REFERENCES `post` (`id`) ON DELETE CASCADE ON UPDATE RESTRICT,
  CONSTRAINT `userfk` FOREIGN KEY (`user_id`) REFERENCES `user` (`id`) ON DELETE CASCADE ON UPDATE RESTRICT
) ENGINE=InnoDB AUTO_INCREMENT=12 DEFAULT CHARSET=utf8mb4 COLLATE=utf8mb4_0900_ai_ci;
/*!40101 SET character_set_client = @saved_cs_client */;

--
-- Dumping data for table `post_likes_history`
--

LOCK TABLES `post_likes_history` WRITE;
/*!40000 ALTER TABLE `post_likes_history` DISABLE KEYS */;
INSERT INTO `post_likes_history` VALUES (9,178,'admin','2023-06-13 23:55:20',NULL),(10,177,'admin','2023-06-13 23:55:27',NULL),(11,184,'admin','2023-06-24 01:22:38',NULL);
/*!40000 ALTER TABLE `post_likes_history` ENABLE KEYS */;
UNLOCK TABLES;

--
-- Table structure for table `post_scrap`
--

DROP TABLE IF EXISTS `post_scrap`;
/*!40101 SET @saved_cs_client     = @@character_set_client */;
/*!50503 SET character_set_client = utf8mb4 */;
CREATE TABLE `post_scrap` (
  `id` int NOT NULL AUTO_INCREMENT,
  `post_id` int NOT NULL,
  `user_id` varchar(45) CHARACTER SET utf8mb4 COLLATE utf8mb4_0900_ai_ci NOT NULL,
  `created_day` datetime DEFAULT NULL,
  `remark` varchar(300) DEFAULT NULL,
  PRIMARY KEY (`id`),
  KEY `post_id` (`post_id`),
  KEY `user_id` (`user_id`),
  CONSTRAINT `post_scrap_ibfk_1` FOREIGN KEY (`post_id`) REFERENCES `post` (`id`) ON DELETE CASCADE ON UPDATE RESTRICT,
  CONSTRAINT `post_scrap_ibfk_2` FOREIGN KEY (`user_id`) REFERENCES `user` (`id`) ON DELETE CASCADE ON UPDATE RESTRICT
) ENGINE=InnoDB DEFAULT CHARSET=utf8mb4 COLLATE=utf8mb4_0900_ai_ci COMMENT='게시글 스크랩';
/*!40101 SET character_set_client = @saved_cs_client */;

--
-- Dumping data for table `post_scrap`
--

LOCK TABLES `post_scrap` WRITE;
/*!40000 ALTER TABLE `post_scrap` DISABLE KEYS */;
/*!40000 ALTER TABLE `post_scrap` ENABLE KEYS */;
UNLOCK TABLES;

--
-- Table structure for table `user`
--

DROP TABLE IF EXISTS `user`;
/*!40101 SET @saved_cs_client     = @@character_set_client */;
/*!50503 SET character_set_client = utf8mb4 */;
CREATE TABLE `user` (
  `id` varchar(45) NOT NULL,
  `nickname` varchar(45) CHARACTER SET utf8mb4 COLLATE utf8mb4_0900_ai_ci NOT NULL,
  `password` varchar(255) CHARACTER SET utf8mb4 COLLATE utf8mb4_0900_ai_ci DEFAULT NULL,
  `grade_id` int NOT NULL,
  `register_day` datetime DEFAULT NULL,
  `login_day` datetime DEFAULT NULL,
  `email` varchar(100) CHARACTER SET utf8mb4 COLLATE utf8mb4_0900_ai_ci NOT NULL,
  PRIMARY KEY (`id`,`grade_id`),
  UNIQUE KEY `user_nickname_UK` (`nickname`),
  KEY `user_gradefk` (`grade_id`),
  CONSTRAINT `user_gradefk` FOREIGN KEY (`grade_id`) REFERENCES `usergrade` (`grade`) ON UPDATE CASCADE
) ENGINE=InnoDB DEFAULT CHARSET=utf8mb4 COLLATE=utf8mb4_0900_ai_ci COMMENT='사용자정보';
/*!40101 SET character_set_client = @saved_cs_client */;

--
-- Dumping data for table `user`
--

LOCK TABLES `user` WRITE;
/*!40000 ALTER TABLE `user` DISABLE KEYS */;
INSERT INTO `user` VALUES ('admin','관리자','$2a$10$5XvlvFET66tIfL577vM3CutfqfsFTQ6YcNLgt8CFwydUhbdNnIvt2',1,NULL,'2023-06-24 06:59:24',''),('xowns','wqgqwrwq','$2a$10$4LZKvEC1wPz73WQly.G6We5Ug4CP5NhZ8puPFK74D5Q2SVpSvEyey',2,'2023-06-01 16:53:48','2023-06-18 22:21:39','qwgqwgqw');
/*!40000 ALTER TABLE `user` ENABLE KEYS */;
UNLOCK TABLES;

--
-- Table structure for table `usergrade`
--

DROP TABLE IF EXISTS `usergrade`;
/*!40101 SET @saved_cs_client     = @@character_set_client */;
/*!50503 SET character_set_client = utf8mb4 */;
CREATE TABLE `usergrade` (
  `id` int NOT NULL AUTO_INCREMENT,
  `grade` int NOT NULL,
  `caption` varchar(45) NOT NULL,
  `icon` varchar(512) DEFAULT NULL,
  PRIMARY KEY (`id`),
  UNIQUE KEY `Grade_UNIQUE` (`grade`),
  UNIQUE KEY `Caption_UNIQUE` (`caption`)
) ENGINE=InnoDB AUTO_INCREMENT=3 DEFAULT CHARSET=utf8mb4 COLLATE=utf8mb4_0900_ai_ci COMMENT='유저 등급표 테이블';
/*!40101 SET character_set_client = @saved_cs_client */;

--
-- Dumping data for table `usergrade`
--

LOCK TABLES `usergrade` WRITE;
/*!40000 ALTER TABLE `usergrade` DISABLE KEYS */;
INSERT INTO `usergrade` VALUES (1,1,'관리자',''),(2,2,'사용자','');
/*!40000 ALTER TABLE `usergrade` ENABLE KEYS */;
UNLOCK TABLES;
/*!40103 SET TIME_ZONE=@OLD_TIME_ZONE */;

/*!40101 SET SQL_MODE=@OLD_SQL_MODE */;
/*!40014 SET FOREIGN_KEY_CHECKS=@OLD_FOREIGN_KEY_CHECKS */;
/*!40014 SET UNIQUE_CHECKS=@OLD_UNIQUE_CHECKS */;
/*!40101 SET CHARACTER_SET_CLIENT=@OLD_CHARACTER_SET_CLIENT */;
/*!40101 SET CHARACTER_SET_RESULTS=@OLD_CHARACTER_SET_RESULTS */;
/*!40101 SET COLLATION_CONNECTION=@OLD_COLLATION_CONNECTION */;
/*!40111 SET SQL_NOTES=@OLD_SQL_NOTES */;

-- Dump completed on 2023-06-25  2:26:38
